"filename", "language", "JavaScript", "TypeScript", "comment", "blank", "total"
"/Users/whosejam/Desktop/pmake/SD/Animate/Action.js", "JavaScript", 61, 0, 36, 8, 105
"/Users/whosejam/Desktop/pmake/SD/Animate/ActionList.js", "JavaScript", 129, 0, 71, 16, 216
"/Users/whosejam/Desktop/pmake/SD/Animate/Animate.js", "JavaScript", 131, 0, 23, 16, 170
"/Users/whosejam/Desktop/pmake/SD/Animate/Context.js", "JavaScript", 33, 0, 15, 4, 52
"/Users/whosejam/Desktop/pmake/SD/Animate/Interp.js", "JavaScript", 84, 0, 51, 8, 143
"/Users/whosejam/Desktop/pmake/SD/Component/Focus.js", "JavaScript", 68, 0, 5, 10, 83
"/Users/whosejam/Desktop/pmake/SD/Component/Index.js", "JavaScript", 37, 0, 6, 3, 46
"/Users/whosejam/Desktop/pmake/SD/Component/Label.js", "JavaScript", 25, 0, 16, 2, 43
"/Users/whosejam/Desktop/pmake/SD/Component/Link.js", "JavaScript", 18, 0, 0, 2, 20
"/Users/whosejam/Desktop/pmake/SD/Component/Pointer.js", "JavaScript", 49, 0, 11, 9, 69
"/Users/whosejam/Desktop/pmake/SD/Component/Stress.js", "JavaScript", 18, 0, 0, 2, 20
"/Users/whosejam/Desktop/pmake/SD/Component/ValueBoard.js", "JavaScript", 21, 0, 0, 1, 22
"/Users/whosejam/Desktop/pmake/SD/Interact/Canvas.js", "JavaScript", 178, 0, 0, 25, 203
"/Users/whosejam/Desktop/pmake/SD/Interact/Init.js", "JavaScript", 211, 0, 0, 7, 218
"/Users/whosejam/Desktop/pmake/SD/Interact/Message.js", "JavaScript", 28, 0, 0, 3, 31
"/Users/whosejam/Desktop/pmake/SD/Interact/Svg.js", "JavaScript", 89, 0, 0, 11, 100
"/Users/whosejam/Desktop/pmake/SD/Node/Animate.js", "JavaScript", 78, 0, 4, 8, 90
"/Users/whosejam/Desktop/pmake/SD/Node/Array/Array.d.ts", "TypeScript", 0, 8, 0, 2, 10
"/Users/whosejam/Desktop/pmake/SD/Node/Array/Array.js", "JavaScript", 98, 0, 0, 11, 109
"/Users/whosejam/Desktop/pmake/SD/Node/Array/BarArray.d.ts", "TypeScript", 0, 8, 0, 2, 10
"/Users/whosejam/Desktop/pmake/SD/Node/Array/BarArray.js", "JavaScript", 96, 0, 0, 10, 106
"/Users/whosejam/Desktop/pmake/SD/Node/Array/BaseArray.d.ts", "TypeScript", 0, 35, 4, 10, 49
"/Users/whosejam/Desktop/pmake/SD/Node/Array/BaseArray.js", "JavaScript", 166, 0, 9, 26, 201
"/Users/whosejam/Desktop/pmake/SD/Node/Array/Code.d.ts", "TypeScript", 0, 12, 0, 4, 16
"/Users/whosejam/Desktop/pmake/SD/Node/Array/Code.js", "JavaScript", 139, 0, 0, 18, 157
"/Users/whosejam/Desktop/pmake/SD/Node/Array/Stack.d.ts", "TypeScript", 0, 8, 0, 2, 10
"/Users/whosejam/Desktop/pmake/SD/Node/Array/Stack.js", "JavaScript", 65, 0, 0, 10, 75
"/Users/whosejam/Desktop/pmake/SD/Node/Array/ValueArray.d.ts", "TypeScript", 0, 4, 0, 1, 5
"/Users/whosejam/Desktop/pmake/SD/Node/Array/ValueArray.js", "JavaScript", 60, 0, 0, 9, 69
"/Users/whosejam/Desktop/pmake/SD/Node/Array/ValueStack.d.ts", "TypeScript", 0, 4, 0, 1, 5
"/Users/whosejam/Desktop/pmake/SD/Node/Array/ValueStack.js", "JavaScript", 36, 0, 0, 7, 43
"/Users/whosejam/Desktop/pmake/SD/Node/Array/VarList.d.ts", "TypeScript", 0, 13, 0, 6, 19
"/Users/whosejam/Desktop/pmake/SD/Node/Array/VarList.js", "JavaScript", 102, 0, 0, 15, 117
"/Users/whosejam/Desktop/pmake/SD/Node/Axis/Axis.js", "JavaScript", 29, 0, 0, 4, 33
"/Users/whosejam/Desktop/pmake/SD/Node/Children.js", "JavaScript", 56, 0, 41, 10, 107
"/Users/whosejam/Desktop/pmake/SD/Node/Common.js", "JavaScript", 43, 0, 0, 3, 46
"/Users/whosejam/Desktop/pmake/SD/Node/Curve/BaseCurve.d.ts", "TypeScript", 0, 4, 0, 1, 5
"/Users/whosejam/Desktop/pmake/SD/Node/Curve/BaseCurve.js", "JavaScript", 23, 0, 0, 6, 29
"/Users/whosejam/Desktop/pmake/SD/Node/Curve/Bezier.d.ts", "TypeScript", 0, 4, 0, 1, 5
"/Users/whosejam/Desktop/pmake/SD/Node/Curve/Bezier.js", "JavaScript", 23, 0, 0, 6, 29
"/Users/whosejam/Desktop/pmake/SD/Node/Curve/Brace.d.ts", "TypeScript", 0, 4, 0, 1, 5
"/Users/whosejam/Desktop/pmake/SD/Node/Curve/Brace.js", "JavaScript", 31, 0, 0, 7, 38
"/Users/whosejam/Desktop/pmake/SD/Node/Curve/CircleCurve.d.ts", "TypeScript", 0, 4, 0, 1, 5
"/Users/whosejam/Desktop/pmake/SD/Node/Curve/CircleCurve.js", "JavaScript", 19, 0, 0, 8, 27
"/Users/whosejam/Desktop/pmake/SD/Node/Curve/Curve.d.ts", "TypeScript", 0, 6, 0, 2, 8
"/Users/whosejam/Desktop/pmake/SD/Node/Curve/Curve.js", "JavaScript", 26, 0, 0, 7, 33
"/Users/whosejam/Desktop/pmake/SD/Node/Curve/VHBezier.d.ts", "TypeScript", 0, 4, 0, 1, 5
"/Users/whosejam/Desktop/pmake/SD/Node/Curve/VHBezier.js", "JavaScript", 26, 0, 0, 5, 31
"/Users/whosejam/Desktop/pmake/SD/Node/D3Layer.js", "JavaScript", 59, 0, 31, 7, 97
"/Users/whosejam/Desktop/pmake/SD/Node/Element/BaseElement.d.ts", "TypeScript", 0, 21, 0, 7, 28
"/Users/whosejam/Desktop/pmake/SD/Node/Element/BaseElement.js", "JavaScript", 102, 0, 0, 12, 114
"/Users/whosejam/Desktop/pmake/SD/Node/Element/Box.d.ts", "TypeScript", 0, 4, 0, 1, 5
"/Users/whosejam/Desktop/pmake/SD/Node/Element/Box.js", "JavaScript", 16, 0, 0, 7, 23
"/Users/whosejam/Desktop/pmake/SD/Node/Element/Vertex.d.ts", "TypeScript", 0, 6, 0, 2, 8
"/Users/whosejam/Desktop/pmake/SD/Node/Element/Vertex.js", "JavaScript", 22, 0, 0, 9, 31
"/Users/whosejam/Desktop/pmake/SD/Node/Graph/BaseGraph.d.ts", "TypeScript", 0, 37, 0, 12, 49
"/Users/whosejam/Desktop/pmake/SD/Node/Graph/BaseGraph.js", "JavaScript", 178, 0, 0, 23, 201
"/Users/whosejam/Desktop/pmake/SD/Node/Graph/BipartiteGraph.d.ts", "TypeScript", 0, 6, 2, 2, 10
"/Users/whosejam/Desktop/pmake/SD/Node/Graph/BipartiteGraph.js", "JavaScript", 87, 0, 0, 8, 95
"/Users/whosejam/Desktop/pmake/SD/Node/Graph/BoxDAG.d.ts", "TypeScript", 0, 14, 0, 3, 17
"/Users/whosejam/Desktop/pmake/SD/Node/Graph/BoxDAG.js", "JavaScript", 38, 0, 0, 9, 47
"/Users/whosejam/Desktop/pmake/SD/Node/Graph/DAG.d.ts", "TypeScript", 0, 12, 0, 3, 15
"/Users/whosejam/Desktop/pmake/SD/Node/Graph/DAG.js", "JavaScript", 118, 0, 0, 12, 130
"/Users/whosejam/Desktop/pmake/SD/Node/Graph/GridGraph.d.ts", "TypeScript", 0, 8, 0, 2, 10
"/Users/whosejam/Desktop/pmake/SD/Node/Graph/GridGraph.js", "JavaScript", 79, 0, 0, 11, 90
"/Users/whosejam/Desktop/pmake/SD/Node/Graph/TinyGraph.d.ts", "TypeScript", 0, 4, 0, 1, 5
"/Users/whosejam/Desktop/pmake/SD/Node/Graph/TinyGraph.js", "JavaScript", 98, 0, 0, 16, 114
"/Users/whosejam/Desktop/pmake/SD/Node/Grid/BaseGrid.d.ts", "TypeScript", 0, 29, 0, 9, 38
"/Users/whosejam/Desktop/pmake/SD/Node/Grid/BaseGrid.js", "JavaScript", 163, 0, 0, 24, 187
"/Users/whosejam/Desktop/pmake/SD/Node/Grid/Grid.d.ts", "TypeScript", 0, 4, 0, 1, 5
"/Users/whosejam/Desktop/pmake/SD/Node/Grid/Grid.js", "JavaScript", 85, 0, 0, 12, 97
"/Users/whosejam/Desktop/pmake/SD/Node/Nake/BaseLine.d.ts", "TypeScript", 0, 35, 14, 10, 59
"/Users/whosejam/Desktop/pmake/SD/Node/Nake/BaseLine.js", "JavaScript", 219, 0, 0, 23, 242
"/Users/whosejam/Desktop/pmake/SD/Node/Nake/BaseNake.d.ts", "TypeScript", 0, 21, 0, 3, 24
"/Users/whosejam/Desktop/pmake/SD/Node/Nake/BaseNake.js", "JavaScript", 58, 0, 0, 6, 64
"/Users/whosejam/Desktop/pmake/SD/Node/Nake/Circle.d.ts", "TypeScript", 0, 4, 0, 1, 5
"/Users/whosejam/Desktop/pmake/SD/Node/Nake/Circle.js", "JavaScript", 56, 0, 0, 11, 67
"/Users/whosejam/Desktop/pmake/SD/Node/Nake/Fragment.d.ts", "TypeScript", 0, 6, 0, 2, 8
"/Users/whosejam/Desktop/pmake/SD/Node/Nake/Fragment.js", "JavaScript", 102, 0, 20, 8, 130
"/Users/whosejam/Desktop/pmake/SD/Node/Nake/Line.d.ts", "TypeScript", 0, 4, 0, 1, 5
"/Users/whosejam/Desktop/pmake/SD/Node/Nake/Line.js", "JavaScript", 50, 0, 0, 9, 59
"/Users/whosejam/Desktop/pmake/SD/Node/Nake/Marker.js", "JavaScript", 7, 0, 0, 0, 7
"/Users/whosejam/Desktop/pmake/SD/Node/Nake/Path.d.ts", "TypeScript", 0, 6, 0, 2, 8
"/Users/whosejam/Desktop/pmake/SD/Node/Nake/Path.js", "JavaScript", 246, 0, 18, 20, 284
"/Users/whosejam/Desktop/pmake/SD/Node/Nake/Rect.d.ts", "TypeScript", 0, 4, 0, 1, 5
"/Users/whosejam/Desktop/pmake/SD/Node/Nake/Rect.js", "JavaScript", 35, 0, 0, 6, 41
"/Users/whosejam/Desktop/pmake/SD/Node/Nake/Svg.d.ts", "TypeScript", 0, 0, 0, 1, 1
"/Users/whosejam/Desktop/pmake/SD/Node/Nake/Svg.js", "JavaScript", 115, 0, 0, 6, 121
"/Users/whosejam/Desktop/pmake/SD/Node/Nake/Text.d.ts", "TypeScript", 0, 8, 0, 2, 10
"/Users/whosejam/Desktop/pmake/SD/Node/Nake/Text.js", "JavaScript", 115, 0, 19, 16, 150
"/Users/whosejam/Desktop/pmake/SD/Node/SDMember.d.ts", "TypeScript", 0, 12, 0, 7, 19
"/Users/whosejam/Desktop/pmake/SD/Node/SDMember.js", "JavaScript", 66, 0, 0, 11, 77
"/Users/whosejam/Desktop/pmake/SD/Node/SDNode.d.ts", "TypeScript", 0, 50, 16, 10, 76
"/Users/whosejam/Desktop/pmake/SD/Node/SDNode.js", "JavaScript", 225, 0, 0, 40, 265
"/Users/whosejam/Desktop/pmake/SD/Node/SDValue.d.ts", "TypeScript", 0, 9, 3, 5, 17
"/Users/whosejam/Desktop/pmake/SD/Node/SDValue.js", "JavaScript", 33, 0, 0, 8, 41
"/Users/whosejam/Desktop/pmake/SD/Node/Text/Mathjax.d.ts", "TypeScript", 0, 6, 0, 2, 8
"/Users/whosejam/Desktop/pmake/SD/Node/Text/Mathjax.js", "JavaScript", 39, 0, 0, 9, 48
"/Users/whosejam/Desktop/pmake/SD/Node/Tree/BaseTree.d.ts", "TypeScript", 0, 40, 0, 16, 56
"/Users/whosejam/Desktop/pmake/SD/Node/Tree/BaseTree.js", "JavaScript", 232, 0, 4, 24, 260
"/Users/whosejam/Desktop/pmake/SD/Node/Tree/BinaryTree.d.ts", "TypeScript", 0, 11, 0, 3, 14
"/Users/whosejam/Desktop/pmake/SD/Node/Tree/BinaryTree.js", "JavaScript", 87, 0, 3, 11, 101
"/Users/whosejam/Desktop/pmake/SD/Node/Tree/BoxTree.d.ts", "TypeScript", 0, 10, 0, 2, 12
"/Users/whosejam/Desktop/pmake/SD/Node/Tree/BoxTree.js", "JavaScript", 33, 0, 0, 8, 41
"/Users/whosejam/Desktop/pmake/SD/Node/Tree/HorizontalTree.d.ts", "TypeScript", 0, 8, 0, 2, 10
"/Users/whosejam/Desktop/pmake/SD/Node/Tree/HorizontalTree.js", "JavaScript", 35, 0, 0, 7, 42
"/Users/whosejam/Desktop/pmake/SD/Node/Tree/HorizontalValueTree.js", "JavaScript", 27, 0, 0, 8, 35
"/Users/whosejam/Desktop/pmake/SD/Node/Tree/RoundSquareTree.js", "JavaScript", 67, 0, 4, 4, 75
"/Users/whosejam/Desktop/pmake/SD/Node/Tree/Splay.d.ts", "TypeScript", 0, 0, 0, 1, 1
"/Users/whosejam/Desktop/pmake/SD/Node/Tree/Splay.js", "JavaScript", 99, 0, 0, 3, 102
"/Users/whosejam/Desktop/pmake/SD/Node/Tree/Tree.d.ts", "TypeScript", 0, 8, 0, 2, 10
"/Users/whosejam/Desktop/pmake/SD/Node/Tree/Tree.js", "JavaScript", 127, 0, 10, 14, 151
"/Users/whosejam/Desktop/pmake/SD/Node/Tree/ValueTree.d.ts", "TypeScript", 0, 4, 0, 1, 5
"/Users/whosejam/Desktop/pmake/SD/Node/Tree/ValueTree.js", "JavaScript", 37, 0, 0, 7, 44
"/Users/whosejam/Desktop/pmake/SD/Rule/Aside.js", "JavaScript", 28, 0, 6, 2, 36
"/Users/whosejam/Desktop/pmake/SD/Rule/Background.js", "JavaScript", 19, 0, 0, 2, 21
"/Users/whosejam/Desktop/pmake/SD/Rule/Center.js", "JavaScript", 57, 0, 0, 4, 61
"/Users/whosejam/Desktop/pmake/SD/Rule/Latex.js", "JavaScript", 97, 0, 0, 10, 107
"/Users/whosejam/Desktop/pmake/SD/Rule/Path.js", "JavaScript", 14, 0, 0, 2, 16
"/Users/whosejam/Desktop/pmake/SD/Rule/Rule.js", "JavaScript", 24, 0, 3, 8, 35
"/Users/whosejam/Desktop/pmake/SD/SD.d.ts", "TypeScript", 0, 16, 0, 7, 23
"/Users/whosejam/Desktop/pmake/SD/SD.js", "JavaScript", 55, 0, 3, 13, 71
"/Users/whosejam/Desktop/pmake/SD/Utility/Color.d.ts", "TypeScript", 0, 2, 0, 1, 3
"/Users/whosejam/Desktop/pmake/SD/Utility/Color.js", "JavaScript", 89, 0, 14, 11, 114
"/Users/whosejam/Desktop/pmake/SD/Utility/Math.d.ts", "TypeScript", 0, 22, 87, 19, 128
"/Users/whosejam/Desktop/pmake/SD/Utility/Math.js", "JavaScript", 87, 0, 0, 19, 106
"/Users/whosejam/Desktop/pmake/SD/Utility/Random.d.ts", "TypeScript", 0, 1, 0, 0, 1
"/Users/whosejam/Desktop/pmake/SD/Utility/Random.js", "JavaScript", 7, 0, 0, 1, 8
"/Users/whosejam/Desktop/pmake/SD/Utility/Reader.js", "JavaScript", 80, 0, 0, 7, 87
"/Users/whosejam/Desktop/pmake/SD/Utility/SVG.js", "JavaScript", 3, 0, 0, 1, 4
"/Users/whosejam/Desktop/pmake/SD/Utility/Storage.ts", "TypeScript", 0, 22, 0, 4, 26
"/Users/whosejam/Desktop/pmake/SD/Utility/Tool.js", "JavaScript", 75, 0, 39, 9, 123
"/Users/whosejam/Desktop/pmake/SD/Utility/Trim.d.ts", "TypeScript", 0, 3, 0, 1, 4
"/Users/whosejam/Desktop/pmake/SD/Utility/Trim.js", "JavaScript", 39, 0, 0, 2, 41
"/Users/whosejam/Desktop/pmake/SD/Utility/Util.d.ts", "TypeScript", 0, 5, 0, 3, 8
"/Users/whosejam/Desktop/pmake/SD/Utility/Util.js", "JavaScript", 17, 0, 0, 3, 20
"Total", "-", 6142, 580, 588, 987, 8297